-- phpMyAdmin SQL Dump
-- version 4.9.0.1
-- https://www.phpmyadmin.net/
--
-- Host: 127.0.0.1
-- Generation Time: Jan 24, 2021 at 10:12 AM
-- Server version: 10.4.6-MariaDB
-- PHP Version: 7.3.8

SET SQL_MODE = "NO_AUTO_VALUE_ON_ZERO";
SET AUTOCOMMIT = 0;
START TRANSACTION;
SET time_zone = "+00:00";


/*!40101 SET @OLD_CHARACTER_SET_CLIENT=@@CHARACTER_SET_CLIENT */;
/*!40101 SET @OLD_CHARACTER_SET_RESULTS=@@CHARACTER_SET_RESULTS */;
/*!40101 SET @OLD_COLLATION_CONNECTION=@@COLLATION_CONNECTION */;
/*!40101 SET NAMES utf8mb4 */;

--
-- Database: `wtc_project`
--

DELIMITER $$
--
-- Procedures
--
CREATE DEFINER=`root`@`localhost` PROCEDURE `stp_procedure` (IN `c` VARCHAR(50))  SELECT e.fname,e.lname,t.semsec,t.subject from teaching t ,employee e
WHERE e.empid=c and e.empid=t.empid$$

DELIMITER ;

-- --------------------------------------------------------

--
-- Table structure for table `admin`
--

CREATE TABLE `admin` (
  `user` varchar(20) NOT NULL,
  `password` varchar(20) DEFAULT NULL,
  `feed_status` varchar(1) NOT NULL,
  `time_within` datetime DEFAULT NULL,
  `sent` varchar(1) NOT NULL
) ENGINE=InnoDB DEFAULT CHARSET=latin1;

--
-- Dumping data for table `admin`
--

INSERT INTO `admin` (`user`, `password`, `feed_status`, `time_within`, `sent`) VALUES
('CIVIL', 'civileng', 'F', '2020-12-14 18:30:10', 'Y'),
('CSE', 'computer', 'N', '2021-01-25 23:59:00', 'N'),
('MEC', 'mechanical', 'N', '2020-12-13 23:59:00', 'Y');

-- --------------------------------------------------------

--
-- Table structure for table `employee`
--

CREATE TABLE `employee` (
  `fname` varchar(20) DEFAULT NULL,
  `lname` varchar(20) DEFAULT NULL,
  `empid` varchar(20) NOT NULL,
  `password` varchar(20) DEFAULT NULL,
  `admin` varchar(20) DEFAULT NULL,
  `Phone_Number` varchar(10) DEFAULT NULL
) ENGINE=InnoDB DEFAULT CHARSET=latin1;

--
-- Dumping data for table `employee`
--

INSERT INTO `employee` (`fname`, `lname`, `empid`, `password`, `admin`, `Phone_Number`) VALUES
('KAMALAKSHI', 'NAGANNA', '1SGE01', 'SGE1', 'CSE', '9035471539'),
('PRAVEEN', 'KUMAR', '1SGE02', 'SGE2', 'CSE', '9035471539'),
('MADHUSHREE', '', '1SGE03', 'SGE3', 'CSE', '9035471539'),
('SURIYA', 'PRAKASH J', '1SGE04', 'SGE4', 'CSE', '9035471539'),
('KIRAN', 'S', '1SGE05', 'SGE5', 'CSE', '9035471539'),
('SHANKAR', 'RANA', '1SGE06', 'SGE6', 'CSE', '9035471539'),
('KAVITHA', 'G', '1SGE07', 'SGE7', 'CSE', '9035471539'),
('ANNAIH', 'H', '1SGE08', 'SGE8', 'MEC', '8105114611'),
('MADHUSWAMY', '', '1SGE09', 'SGE9', 'MEC', '8105114611'),
('ULLAS', 'S', '1SGE10', 'SGE10', 'MEC', '8105114611'),
('DEEPTHI', 'M', '1SGE11', 'SGE11', 'MEC', '8105114611'),
('RAJU', '', '1SGE12', 'SGE12', 'MEC', '8105114611');

-- --------------------------------------------------------

--
-- Table structure for table `question`
--

CREATE TABLE `question` (
  `q1` varchar(30) DEFAULT NULL,
  `q2` varchar(30) DEFAULT NULL,
  `q3` varchar(30) DEFAULT NULL,
  `q4` varchar(30) DEFAULT NULL,
  `q5` varchar(30) DEFAULT NULL,
  `admin` varchar(20) DEFAULT NULL
) ENGINE=InnoDB DEFAULT CHARSET=latin1;

--
-- Dumping data for table `question`
--

INSERT INTO `question` (`q1`, `q2`, `q3`, `q4`, `q5`, `admin`) VALUES
('TEACHING', 'EXPLAINIG', 'USAGE OF BOARD', 'AUDIBLE', 'CLEAR DOUBTS', 'CSE'),
('TEACHING', 'EXPLAINING', 'USAGE OF BOARD', 'AUDIBLE', 'CLEAR DOUBTS', 'MEC');

-- --------------------------------------------------------

--
-- Table structure for table `rating`
--

CREATE TABLE `rating` (
  `empid` varchar(20) DEFAULT NULL,
  `usn` varchar(20) DEFAULT NULL,
  `q1` int(2) DEFAULT NULL,
  `q2` int(2) DEFAULT NULL,
  `q3` int(2) DEFAULT NULL,
  `q4` int(2) DEFAULT NULL,
  `q5` int(2) DEFAULT NULL,
  `admin` varchar(20) DEFAULT NULL,
  `semsec` varchar(5) DEFAULT NULL,
  `subject` varchar(50) NOT NULL
) ENGINE=InnoDB DEFAULT CHARSET=latin1;

--
-- Dumping data for table `rating`
--

INSERT INTO `rating` (`empid`, `usn`, `q1`, `q2`, `q3`, `q4`, `q5`, `admin`, `semsec`, `subject`) VALUES
('1SGE01', '1SG17CS040', 10, 9, 10, 10, 8, 'CSE', '7A', 'SAN'),
('1SGE01', '1SG17CS041', 10, 9, 8, 5, 10, 'CSE', '7A', 'SAN'),
('1SGE01', '1SG17CS042', 5, 10, 9, 10, 10, 'CSE', '7A', 'SAN'),
('1SGE01', '1SG17CS043', 8, 4, 5, 6, 10, 'CSE', '7A', 'SAN'),
('1SGE01', '1SG17CS044', 10, 10, 6, 10, 10, 'CSE', '7A', 'SAN'),
('1SGE01', '1SG17CS045', 10, 10, 5, 1, 2, 'CSE', '7A', 'SAN'),
('1SGE01', '1SG17CS046', 1, 0, 9, 10, 10, 'CSE', '7A', 'SAN'),
('1SGE01', '1SG17CS047', 1, 2, 3, 6, 5, 'CSE', '7A', 'SAN'),
('1SGE01', '1SG17CS048', 6, 3, 8, 4, 5, 'CSE', '7A', 'SAN'),
('1SGE01', '1SG17CS049', 10, 2, 3, 5, 4, 'CSE', '7A', 'SAN'),
('1SGE02', '1SG17CS040', 10, 10, 10, 10, 10, 'CSE', '7A', 'WT'),
('1SGE02', '1SG17CS041', 2, 9, 9, 8, 6, 'CSE', '7A', 'WT'),
('1SGE02', '1SG17CS042', 3, 6, 8, 7, 5, 'CSE', '7A', 'WT'),
('1SGE02', '1SG17CS043', 6, 8, 10, 6, 8, 'CSE', '7A', 'WT'),
('1SGE02', '1SG17CS044', 9, 3, 1, 5, 9, 'CSE', '7A', 'WT'),
('1SGE02', '1SG17CS045', 3, 6, 0, 4, 10, 'CSE', '7A', 'WT'),
('1SGE02', '1SG17CS046', 9, 3, 0, 3, 10, 'CSE', '7A', 'WT'),
('1SGE02', '1SG17CS047', 10, 10, 10, 10, 5, 'CSE', '7A', 'WT'),
('1SGE02', '1SG17CS048', 10, 9, 8, 8, 10, 'CSE', '7A', 'WT'),
('1SGE02', '1SG17CS049', 10, 10, 10, 10, 10, 'CSE', '7A', 'WT'),
('1SGE02', '1SG17CS054', 10, 10, 10, 10, 10, 'CSE', '7B', 'WT'),
('1SGE02', '1SG17CS055', 10, 10, 10, 10, 10, 'CSE', '7B', 'WT'),
('1SGE02', '1SG17CS056', 10, 10, 10, 10, 10, 'CSE', '7B', 'WT'),
('1SGE02', '1SG17CS057', 10, 10, 10, 10, 10, 'CSE', '7B', 'WT'),
('1SGE02', '1SG17CS058', 10, 10, 10, 10, 10, 'CSE', '7B', 'WT'),
('1SGE02', '1SG17CS059', 10, 10, 10, 10, 10, 'CSE', '7B', 'WT'),
('1SGE02', '1SG17CS060', 10, 9, 10, 10, 10, 'CSE', '7B', 'WT'),
('1SGE02', '1SG17CS061', 10, 10, 10, 5, 10, 'CSE', '7B', 'WT'),
('1SGE02', '1SG17CS062', 10, 10, 10, 8, 8, 'CSE', '7B', 'WT'),
('1SGE02', '1SG17CS063', 10, 10, 10, 10, 10, 'CSE', '7B', 'WT'),
('1SGE03', '1SG17CS040', 10, 9, 10, 10, 9, 'CSE', '7A', 'ACA'),
('1SGE03', '1SG17CS041', 10, 10, 8, 6, 10, 'CSE', '7A', 'ACA'),
('1SGE03', '1SG17CS042', 5, 9, 10, 9, 8, 'CSE', '7A', 'ACA'),
('1SGE03', '1SG17CS043', 8, 8, 10, 10, 10, 'CSE', '7A', 'ACA'),
('1SGE03', '1SG17CS044', 10, 8, 9, 9, 9, 'CSE', '7A', 'ACA'),
('1SGE03', '1SG17CS045', 10, 9, 8, 8, 10, 'CSE', '7A', 'ACA'),
('1SGE03', '1SG17CS046', 10, 9, 0, 7, 7, 'CSE', '7A', 'ACA'),
('1SGE03', '1SG17CS047', 10, 7, 1, 6, 10, 'CSE', '7A', 'ACA'),
('1SGE03', '1SG17CS048', 0, 10, 6, 10, 10, 'CSE', '7A', 'ACA'),
('1SGE03', '1SG17CS049', 10, 10, 10, 10, 10, 'CSE', '7A', 'ACA'),
('1SGE03', '1SG17CS054', 4, 5, 5, 10, 8, 'CSE', '7B', 'ACA'),
('1SGE03', '1SG17CS055', 5, 8, 5, 5, 9, 'CSE', '7B', 'ACA'),
('1SGE03', '1SG17CS056', 1, 2, 4, 8, 7, 'CSE', '7B', 'ACA'),
('1SGE03', '1SG17CS057', 0, 3, 9, 9, 9, 'CSE', '7B', 'ACA'),
('1SGE03', '1SG17CS058', 6, 9, 7, 8, 6, 'CSE', '7B', 'ACA'),
('1SGE03', '1SG17CS059', 7, 10, 5, 10, 10, 'CSE', '7B', 'ACA'),
('1SGE03', '1SG17CS060', 10, 9, 10, 10, 10, 'CSE', '7B', 'ACA'),
('1SGE03', '1SG17CS061', 8, 5, 10, 1, 7, 'CSE', '7B', 'ACA'),
('1SGE03', '1SG17CS062', 5, 10, 10, 8, 8, 'CSE', '7B', 'ACA'),
('1SGE03', '1SG17CS063', 8, 6, 8, 7, 6, 'CSE', '7B', 'ACA'),
('1SGE04', '1SG17CS040', 8, 8, 8, 5, 10, 'CSE', '7A', 'ML'),
('1SGE04', '1SG17CS041', 7, 8, 2, 10, 10, 'CSE', '7A', 'ML'),
('1SGE04', '1SG17CS042', 6, 7, 5, 8, 10, 'CSE', '7A', 'ML'),
('1SGE04', '1SG17CS043', 7, 10, 10, 10, 10, 'CSE', '7A', 'ML'),
('1SGE04', '1SG17CS044', 5, 7, 8, 10, 10, 'CSE', '7A', 'ML'),
('1SGE04', '1SG17CS045', 8, 4, 7, 10, 6, 'CSE', '7A', 'ML'),
('1SGE04', '1SG17CS046', 9, 6, 8, 10, 4, 'CSE', '7A', 'ML'),
('1SGE04', '1SG17CS047', 9, 5, 10, 10, 10, 'CSE', '7A', 'ML'),
('1SGE04', '1SG17CS048', 10, 3, 4, 10, 10, 'CSE', '7A', 'ML'),
('1SGE04', '1SG17CS049', 6, 5, 2, 7, 10, 'CSE', '7A', 'ML'),
('1SGE04', '1SG17CS054', 7, 5, 5, 10, 8, 'CSE', '7B', 'ML'),
('1SGE04', '1SG17CS055', 5, 8, 5, 5, 9, 'CSE', '7B', 'ML'),
('1SGE04', '1SG17CS056', 1, 2, 5, 8, 7, 'CSE', '7B', 'ML'),
('1SGE04', '1SG17CS057', 8, 8, 9, 9, 9, 'CSE', '7B', 'ML'),
('1SGE04', '1SG17CS058', 6, 9, 7, 8, 6, 'CSE', '7B', 'ML'),
('1SGE04', '1SG17CS059', 7, 10, 9, 10, 10, 'CSE', '7B', 'ML'),
('1SGE04', '1SG17CS060', 10, 9, 10, 10, 10, 'CSE', '7B', 'ML'),
('1SGE04', '1SG17CS061', 8, 5, 6, 3, 7, 'CSE', '7B', 'ML'),
('1SGE04', '1SG17CS062', 7, 4, 10, 8, 8, 'CSE', '7B', 'ML'),
('1SGE04', '1SG17CS063', 8, 6, 8, 7, 6, 'CSE', '7B', 'ML'),
('1SGE05', '1SG17CS054', 10, 10, 10, 10, 7, 'CSE', '7B', 'ML'),
('1SGE05', '1SG17CS055', 10, 8, 6, 2, 2, 'CSE', '7B', 'SAN'),
('1SGE05', '1SG17CS056', 10, 8, 9, 1, 9, 'CSE', '7B', 'SAN'),
('1SGE05', '1SG17CS057', 10, 9, 6, 6, 5, 'CSE', '7B', 'SAN'),
('1SGE05', '1SG17CS058', 9, 3, 7, 10, 7, 'CSE', '7B', 'SAN'),
('1SGE05', '1SG17CS059', 3, 10, 8, 6, 9, 'CSE', '7B', 'SAN'),
('1SGE05', '1SG17CS060', 4, 6, 9, 8, 4, 'CSE', '7B', 'SAN'),
('1SGE05', '1SG17CS061', 6, 3, 10, 10, 10, 'CSE', '7B', 'SAN'),
('1SGE05', '1SG17CS062', 5, 9, 0, 5, 7, 'CSE', '7B', 'SAN'),
('1SGE05', '1SG17CS063', 4, 10, 5, 2, 8, 'CSE', '7B', 'SAN'),
('1SGE06', '1SG17CS040', 10, 10, 10, 9, 9, 'CSE', '7A', 'USP'),
('1SGE06', '1SG17CS041', 10, 10, 9, 10, 9, 'CSE', '7A', 'USP'),
('1SGE06', '1SG17CS042', 9, 8, 8, 7, 10, 'CSE', '7A', 'USP'),
('1SGE06', '1SG17CS043', 7, 10, 6, 6, 10, 'CSE', '7A', 'USP'),
('1SGE06', '1SG17CS044', 10, 10, 10, 10, 9, 'CSE', '7A', 'USP'),
('1SGE06', '1SG17CS045', 9, 8, 6, 6, 10, 'CSE', '7A', 'USP'),
('1SGE06', '1SG17CS046', 9, 9, 6, 2, 9, 'CSE', '7A', 'USP'),
('1SGE06', '1SG17CS047', 10, 7, 7, 8, 8, 'CSE', '7A', 'USP'),
('1SGE06', '1SG17CS048', 10, 8, 10, 8, 10, 'CSE', '7A', 'USP'),
('1SGE06', '1SG17CS049', 10, 10, 10, 10, 9, 'CSE', '7A', 'USP'),
('1SGE06', '1SG17CS054', 9, 10, 10, 10, 7, 'CSE', '7B', 'USP'),
('1SGE06', '1SG17CS055', 5, 8, 6, 2, 2, 'CSE', '7B', 'USP'),
('1SGE06', '1SG17CS056', 9, 8, 9, 2, 9, 'CSE', '7B', 'USP'),
('1SGE06', '1SG17CS057', 8, 9, 8, 10, 9, 'CSE', '7B', 'USP'),
('1SGE06', '1SG17CS058', 9, 9, 9, 10, 9, 'CSE', '7B', 'USP'),
('1SGE06', '1SG17CS059', 9, 10, 9, 9, 9, 'CSE', '7B', 'USP'),
('1SGE06', '1SG17CS060', 9, 9, 10, 9, 9, 'CSE', '7B', 'USP'),
('1SGE06', '1SG17CS061', 7, 10, 6, 6, 10, 'CSE', '7B', 'USP'),
('1SGE06', '1SG17CS062', 10, 10, 10, 10, 9, 'CSE', '7B', 'USP'),
('1SGE06', '1SG17CS063', 4, 10, 4, 2, 8, 'CSE', '7B', 'USP'),
('1SGE07', '1SG17CS040', 9, 10, 10, 10, 10, 'CSE', '7A', 'PROJECT'),
('1SGE07', '1SG17CS041', 7, 8, 10, 10, 4, 'CSE', '7A', 'PROJECT'),
('1SGE07', '1SG17CS042', 6, 10, 10, 10, 10, 'CSE', '7A', 'PROJECT'),
('1SGE07', '1SG17CS043', 10, 10, 10, 10, 10, 'CSE', '7A', 'PROJECT'),
('1SGE07', '1SG17CS044', 2, 19, 9, 8, 6, 'CSE', '7A', 'PROJECT'),
('1SGE07', '1SG17CS045', 3, 6, 8, 7, 5, 'CSE', '7A', 'PROJECT'),
('1SGE07', '1SG17CS046', 6, 8, 10, 6, 8, 'CSE', '7A', 'PROJECT'),
('1SGE07', '1SG17CS047', 9, 3, 1, 5, 9, 'CSE', '7A', 'PROJECT'),
('1SGE07', '1SG17CS048', 10, 6, 5, 9, 10, 'CSE', '7A', 'PROJECT'),
('1SGE07', '1SG17CS049', 10, 5, 7, 9, 10, 'CSE', '7A', 'PROJECT'),
('1SGE07', '1SG17CS054', 3, 6, 8, 7, 5, 'CSE', '7B', 'PROJECT'),
('1SGE07', '1SG17CS055', 6, 8, 10, 6, 8, 'CSE', '7B', 'PROJECT'),
('1SGE07', '1SG17CS056', 9, 3, 1, 5, 9, 'CSE', '7B', 'PROJECT'),
('1SGE07', '1SG17CS057', 10, 6, 5, 9, 10, 'CSE', '7B', 'PROJECT'),
('1SGE07', '1SG17CS058', 10, 10, 10, 10, 10, 'CSE', '7B', 'PROJECT'),
('1SGE07', '1SG17CS059', 18, 10, 10, 10, 10, 'CSE', '7B', 'PROJECT'),
('1SGE07', '1SG17CS060', 10, 0, 0, 1, 1, 'CSE', '7B', 'PROJECT'),
('1SGE07', '1SG17CS061', 9, 10, 10, 10, 10, 'CSE', '7B', 'PROJECT'),
('1SGE07', '1SG17CS062', 7, 8, 10, 10, 4, 'CSE', '7B', 'PROJECT'),
('1SGE07', '1SG17CS063', 6, 10, 10, 10, 10, 'CSE', '7B', 'PROJECT'),
('1SGE04', '1SG17CS040', 0, 0, 8, 10, 10, 'CSE', '7A', 'ML-LAB'),
('1SGE04', '1SG17CS041', 7, 8, 5, 10, 6, 'CSE', '7A', 'ML-LAB'),
('1SGE04', '1SG17CS042', 1, 10, 10, 10, 10, 'CSE', '7A', 'ML-LAB'),
('1SGE04', '1SG17CS043', 10, 10, 10, 10, 10, 'CSE', '7A', 'ML-LAB'),
('1SGE04', '1SG17CS044', 2, 19, 9, 8, 6, 'CSE', '7A', 'ML-LAB'),
('1SGE04', '1SG17CS045', 3, 5, 8, 7, 5, 'CSE', '7A', 'ML-LAB'),
('1SGE04', '1SG17CS046', 6, 8, 1, 6, 8, 'CSE', '7A', 'ML-LAB'),
('1SGE04', '1SG17CS047', 9, 3, 1, 5, 9, 'CSE', '7A', 'ML-LAB'),
('1SGE04', '1SG17CS048', 10, 6, 5, 9, 10, 'CSE', '7A', 'ML-LAB'),
('1SGE04', '1SG17CS049', 10, 5, 7, 9, 10, 'CSE', '7A', 'ML-LAB'),
('1SGE04', '1SG17CS054', 3, 6, 8, 7, 6, 'CSE', '7B', 'ML-LAB'),
('1SGE04', '1SG17CS055', 6, 8, 10, 6, 8, 'CSE', '7B', 'ML-LAB'),
('1SGE04', '1SG17CS056', 0, 5, 1, 5, 9, 'CSE', '7B', 'ML-LAB'),
('1SGE04', '1SG17CS057', 10, 6, 5, 2, 10, 'CSE', '7B', 'ML-LAB'),
('1SGE04', '1SG17CS058', 10, 10, 10, 10, 7, 'CSE', '7B', 'ML-LAB'),
('1SGE04', '1SG17CS059', 18, 10, 5, 10, 10, 'CSE', '7B', 'ML-LAB'),
('1SGE04', '1SG17CS060', 10, 3, 0, 1, 1, 'CSE', '7B', 'ML-LAB'),
('1SGE04', '1SG17CS061', 7, 10, 8, 10, 10, 'CSE', '7B', 'ML-LAB'),
('1SGE04', '1SG17CS062', 7, 8, 3, 10, 4, 'CSE', '7B', 'ML-LAB'),
('1SGE04', '1SG17CS063', 6, 10, 10, 10, 10, 'CSE', '7B', 'ML-LAB'),
('1SGE05', '1SG17CS040', 6, 10, 10, 10, 10, 'CSE', '7A', 'ML-LAB'),
('1SGE05', '1SG17CS041', 9, 10, 10, 10, 10, 'CSE', '7A', 'ML-LAB'),
('1SGE05', '1SG17CS042', 7, 8, 5, 10, 4, 'CSE', '7A', 'ML-LAB'),
('1SGE05', '1SG17CS043', 6, 10, 10, 10, 10, 'CSE', '7A', 'ML-LAB'),
('1SGE05', '1SG17CS044', 10, 10, 10, 10, 10, 'CSE', '7A', 'ML-LAB'),
('1SGE05', '1SG17CS045', 2, 19, 9, 8, 6, 'CSE', '7A', 'ML-LAB'),
('1SGE05', '1SG17CS046', 3, 6, 8, 7, 5, 'CSE', '7A', 'ML-LAB'),
('1SGE05', '1SG17CS047', 6, 8, 10, 6, 8, 'CSE', '7A', 'ML-LAB'),
('1SGE05', '1SG17CS048', 9, 3, 1, 5, 9, 'CSE', '7A', 'ML-LAB'),
('1SGE05', '1SG17CS049', 10, 8, 5, 9, 10, 'CSE', '7A', 'ML-LAB'),
('1SGE05', '1SG17CS054', 10, 5, 7, 9, 7, 'CSE', '7B', 'ML-LAB'),
('1SGE05', '1SG17CS055', 3, 6, 8, 7, 5, 'CSE', '7B', 'ML-LAB'),
('1SGE05', '1SG17CS056', 6, 8, 10, 6, 8, 'CSE', '7B', 'ML-LAB'),
('1SGE05', '1SG17CS057', 9, 3, 1, 5, 9, 'CSE', '7B', 'ML-LAB'),
('1SGE05', '1SG17CS058', 10, 6, 5, 9, 10, 'CSE', '7B', 'ML-LAB'),
('1SGE05', '1SG17CS059', 10, 10, 2, 10, 10, 'CSE', '7B', 'ML-LAB'),
('1SGE05', '1SG17CS060', 18, 10, 10, 10, 10, 'CSE', '7B', 'ML-LAB'),
('1SGE05', '1SG17CS061', 8, 0, 0, 2, 1, 'CSE', '7B', 'ML-LAB'),
('1SGE05', '1SG17CS062', 9, 10, 10, 3, 10, 'CSE', '7B', 'ML-LAB'),
('1SGE05', '1SG17CS063', 7, 8, 0, 10, 4, 'CSE', '7B', 'ML-LAB'),
('1SGE02', '1SG17CS040', 10, 10, 5, 10, 10, 'CSE', '7A', 'WT-LAB'),
('1SGE02', '1SG17CS041', 10, 10, 2, 10, 10, 'CSE', '7A', 'WT-LAB'),
('1SGE02', '1SG17CS042', 18, 10, 10, 10, 10, 'CSE', '7A', 'WT-LAB'),
('1SGE02', '1SG17CS043', 8, 0, 5, 2, 3, 'CSE', '7A', 'WT-LAB'),
('1SGE02', '1SG17CS044', 9, 10, 10, 3, 10, 'CSE', '7A', 'WT-LAB'),
('1SGE02', '1SG17CS045', 8, 9, 10, 10, 4, 'CSE', '7A', 'WT-LAB'),
('1SGE02', '1SG17CS046', 10, 5, 10, 7, 10, 'CSE', '7A', 'WT-LAB'),
('1SGE02', '1SG17CS047', 3, 7, 8, 10, 10, 'CSE', '7A', 'WT-LAB'),
('1SGE02', '1SG17CS048', 6, 10, 10, 8, 2, 'CSE', '7A', 'WT-LAB'),
('1SGE02', '1SG17CS049', 10, 6, 5, 9, 10, 'CSE', '7A', 'WT-LAB'),
('1SGE02', '1SG17CS054', 10, 10, 6, 10, 10, 'CSE', '7B', 'WT-LAB'),
('1SGE02', '1SG17CS055', 18, 10, 10, 10, 10, 'CSE', '7B', 'WT-LAB'),
('1SGE02', '1SG17CS056', 8, 4, 0, 6, 1, 'CSE', '7B', 'WT-LAB'),
('1SGE02', '1SG17CS057', 9, 10, 10, 3, 10, 'CSE', '7B', 'WT-LAB'),
('1SGE02', '1SG17CS058', 7, 8, 0, 10, 4, 'CSE', '7B', 'WT-LAB'),
('1SGE02', '1SG17CS059', 9, 8, 7, 5, 1, 'CSE', '7B', 'WT-LAB'),
('1SGE02', '1SG17CS060', 2, 6, 7, 9, 7, 'CSE', '7B', 'WT-LAB'),
('1SGE02', '1SG17CS061', 9, 5, 10, 4, 10, 'CSE', '7B', 'WT-LAB'),
('1SGE02', '1SG17CS062', 9, 8, 9, 7, 10, 'CSE', '7B', 'WT-LAB'),
('1SGE02', '1SG17CS063', 5, 10, 8, 1, 9, 'CSE', '7B', 'WT-LAB'),
('1SGE08', '1SG17ME040', 10, 9, 10, 10, 8, 'MEC', '7A', 'EE'),
('1SGE08', '1SG17ME041', 10, 9, 8, 5, 10, 'MEC', '7A', 'Energy-Engineering'),
('1SGE08', '1SG17ME042', 5, 10, 9, 10, 10, 'MEC', '7A', 'Energy-Engineering'),
('1SGE08', '1SG17ME043', 8, 4, 5, 6, 10, 'MEC', '7A', 'Energy-Engineering'),
('1SGE08', '1SG17ME044', 10, 10, 6, 10, 10, 'MEC', '7A', 'Energy-Engineering'),
('1SGE08', '1SG17ME045', 10, 10, 5, 1, 2, 'MEC', '7A', 'Energy-Engineering'),
('1SGE08', '1SG17ME046', 1, 0, 9, 10, 10, 'MEC', '7A', 'Energy-Engineering'),
('1SGE08', '1SG17ME047', 1, 2, 3, 6, 5, 'MEC', '7A', 'Energy-Engineering'),
('1SGE08', '1SG17ME048', 6, 3, 8, 4, 5, 'MEC', '7A', 'Energy-Engineering'),
('1SGE08', '1SG17ME049', 10, 2, 3, 5, 4, 'MEC', '7A', 'Energy-Engineering'),
('1SGE08', '1SG17ME054', 10, 8, 6, 2, 2, 'MEC', '7B', 'Energy-Engineering'),
('1SGE08', '1SG17ME055', 10, 8, 9, 1, 9, 'MEC', '7B', 'Energy-Engineering'),
('1SGE08', '1SG17ME056', 10, 9, 6, 6, 5, 'MEC', '7B', 'Energy-Engineering'),
('1SGE08', '1SG17ME057', 9, 3, 7, 10, 7, 'MEC', '7B', 'Energy-Engineering'),
('1SGE08', '1SG17ME058', 3, 10, 8, 6, 9, 'MEC', '7B', 'Energy-Engineering'),
('1SGE08', '1SG17ME059', 4, 6, 9, 8, 4, 'MEC', '7B', 'Energy-Engineering'),
('1SGE08', '1SG17ME060', 6, 3, 10, 10, 10, 'MEC', '7B', 'Energy-Engineering'),
('1SGE08', '1SG17ME061', 5, 9, 0, 5, 7, 'MEC', '7B', 'Energy-Engineering'),
('1SGE08', '1SG17ME062', 4, 10, 5, 2, 8, 'MEC', '7B', 'Energy-Engineering'),
('1SGE09', '1SG17ME040', 10, 10, 10, 10, 10, 'MEC', '7A', 'Fluid-Power-Systems'),
('1SGE09', '1SG17ME041', 2, 9, 9, 8, 6, 'MEC', '7A', 'Fluid-Power-Systems'),
('1SGE09', '1SG17ME042', 3, 6, 8, 7, 5, 'MEC', '7A', 'Fluid-Power-Systems'),
('1SGE09', '1SG17ME043', 6, 8, 10, 6, 8, 'MEC', '7A', 'Fluid-Power-Systems'),
('1SGE09', '1SG17ME044', 9, 3, 1, 5, 9, 'MEC', '7A', 'Fluid-Power-Systems'),
('1SGE09', '1SG17ME045', 3, 6, 0, 4, 10, 'MEC', '7A', 'Fluid-Power-Systems'),
('1SGE09', '1SG17ME046', 9, 3, 0, 3, 10, 'MEC', '7A', 'Fluid-Power-Systems'),
('1SGE09', '1SG17ME047', 10, 10, 10, 10, 5, 'MEC', '7A', 'Fluid-Power-Systems'),
('1SGE09', '1SG17ME048', 10, 9, 8, 8, 10, 'MEC', '7A', 'Fluid-Power-Systems'),
('1SGE09', '1SG17ME049', 10, 10, 10, 10, 10, 'MEC', '7A', 'Fluid-Power-Systems'),
('1SGE09', '1SG17ME053', 2, 3, 5, 7, 8, 'MEC', '7B', 'Fluid-Power-Systems'),
('1SGE09', '1SG17ME054', 5, 8, 5, 4, 9, 'MEC', '7B', 'Fluid-Power-Systems'),
('1SGE09', '1SG17ME055', 2, 3, 5, 8, 7, 'MEC', '7B', 'Fluid-Power-Systems'),
('1SGE09', '1SG17ME056', 7, 4, 5, 4, 9, 'MEC', '7B', 'Fluid-Power-Systems'),
('1SGE09', '1SG17ME057', 6, 9, 6, 8, 6, 'MEC', '7B', 'Fluid-Power-Systems'),
('1SGE09', '1SG17ME058', 7, 4, 1, 10, 10, 'MEC', '7B', 'Fluid-Power-Systems'),
('1SGE09', '1SG17ME059', 10, 9, 10, 10, 10, 'MEC', '7B', 'Fluid-Power-Systems'),
('1SGE09', '1SG17ME060', 8, 5, 10, 1, 7, 'MEC', '7B', 'Fluid-Power-Systems'),
('1SGE09', '1SG17ME061', 5, 3, 6, 8, 8, 'MEC', '7B', 'Fluid-Power-Systems'),
('1SGE10', '1SG17ME062', 8, 2, 8, 5, 6, 'MEC', '7B', 'Fluid-Power-Systems'),
('1SGE10', '1SG17ME040', 10, 9, 10, 10, 9, 'MEC', '7A', 'Control-Engineering'),
('1SGE10', '1SG17ME041', 10, 10, 8, 6, 10, 'MEC', '7A', 'Control-Engineering'),
('1SGE10', '1SG17ME042', 5, 9, 10, 9, 8, 'MEC', '7A', 'Control-Engineering'),
('1SGE10', '1SG17ME043', 8, 8, 10, 10, 10, 'MEC', '7A', 'Control-Engineering'),
('1SGE10', '1SG17ME044', 10, 8, 9, 9, 9, 'MEC', '7A', 'Control-Engineering'),
('1SGE10', '1SG17ME045', 10, 9, 8, 8, 10, 'MEC', '7A', 'Control-Engineering'),
('1SGE10', '1SG17ME046', 10, 9, 0, 7, 7, 'MEC', '7A', 'Control-Engineering'),
('1SGE10', '1SG17ME047', 10, 7, 1, 6, 10, 'MEC', '7A', 'Control-Engineering'),
('1SGE10', '1SG17ME048', 0, 10, 6, 10, 10, 'MEC', '7A', 'Control-Engineering'),
('1SGE10', '1SG17ME049', 10, 10, 10, 10, 10, 'MEC', '7A', 'Control-Engineering'),
('1SGE10', '1SG17ME053', 4, 5, 5, 10, 8, 'MEC', '7B', 'Control-Engineering'),
('1SGE10', '1SG17ME054', 5, 8, 5, 5, 9, 'MEC', '7B', 'Control-Engineering'),
('1SGE10', '1SG17ME055', 1, 2, 4, 8, 7, 'MEC', '7B', 'Control-Engineering'),
('1SGE10', '1SG17ME056', 0, 3, 9, 9, 9, 'MEC', '7B', 'Control-Engineering'),
('1SGE10', '1SG17ME057', 6, 9, 7, 8, 6, 'MEC', '7B', 'Control-Engineering'),
('1SGE10', '1SG17ME058', 7, 10, 5, 10, 10, 'MEC', '7B', 'Control-Engineering'),
('1SGE10', '1SG17ME059', 10, 9, 10, 10, 10, 'MEC', '7B', 'Control-Engineering'),
('1SGE10', '1SG17ME060', 8, 5, 10, 1, 7, 'MEC', '7B', 'Control-Engineering'),
('1SGE10', '1SG17ME061', 5, 10, 10, 8, 8, 'MEC', '7B', 'Control-Engineering'),
('1SGE10', '1SG17ME062', 8, 6, 8, 7, 6, 'MEC', '7B', 'Control-Engineering'),
('1SGE11', '1SG17ME040', 8, 8, 8, 5, 10, 'MEC', '7A', 'Automotive-Electronics'),
('1SGE11', '1SG17ME041', 7, 8, 2, 10, 10, 'MEC', '7A', 'Automotive-Electronics'),
('1SGE11', '1SG17ME042', 6, 7, 5, 8, 10, 'MEC', '7A', 'Automotive-Electronics'),
('1SGE11', '1SG17ME043', 7, 10, 10, 10, 10, 'MEC', '7A', 'Automotive-Electronics'),
('1SGE11', '1SG17ME044', 5, 7, 8, 10, 10, 'MEC', '7A', 'Automotive-Electronics'),
('1SGE11', '1SG17ME045', 8, 4, 7, 10, 6, 'MEC', '7A', 'Automotive-Electronics'),
('1SGE11', '1SG17ME046', 9, 6, 8, 10, 4, 'MEC', '7A', 'Automotive-Electronics'),
('1SGE11', '1SG17ME047', 9, 5, 10, 10, 10, 'MEC', '7A', 'Automotive-Electronics'),
('1SGE11', '1SG17ME048', 10, 3, 4, 10, 10, 'MEC', '7A', 'Automotive-Electronics'),
('1SGE11', '1SG17ME049', 6, 5, 2, 7, 10, 'MEC', '7A', 'Automotive-Electronics'),
('1SGE11', '1SG17ME053', 7, 5, 5, 10, 8, 'MEC', '7B', 'Automotive-Electronics'),
('1SGE11', '1SG17ME054', 5, 8, 5, 5, 9, 'MEC', '7B', 'Automotive-Electronics'),
('1SGE11', '1SG17ME055', 1, 2, 5, 8, 7, 'MEC', '7B', 'Automotive-Electronics'),
('1SGE11', '1SG17ME056', 8, 8, 9, 9, 9, 'MEC', '7B', 'Automotive-Electronics'),
('1SGE11', '1SG17ME057', 6, 9, 7, 8, 6, 'MEC', '7B', 'Automotive-Electronics'),
('1SGE11', '1SG17ME058', 7, 10, 9, 10, 10, 'MEC', '7B', 'Automotive-Electronics'),
('1SGE11', '1SG17ME059', 10, 9, 10, 10, 10, 'MEC', '7B', 'Automotive-Electronics'),
('1SGE11', '1SG17ME060', 8, 5, 6, 3, 7, 'MEC', '7B', 'Automotive-Electronics'),
('1SGE11', '1SG17ME061', 7, 4, 10, 8, 8, 'MEC', '7B', 'Automotive-Electronics'),
('1SGE11', '1SG17ME062', 8, 6, 8, 7, 6, 'MEC', '7B', 'Automotive-Electronics'),
('1SGE08', '1SG17ME040', 10, 10, 10, 9, 9, 'MEC', '7A', 'Design-Lab'),
('1SGE08', '1SG17ME041', 10, 10, 9, 10, 9, 'MEC', '7A', 'Design-Lab'),
('1SGE08', '1SG17ME042', 9, 8, 8, 7, 10, 'MEC', '7A', 'Design-Lab'),
('1SGE08', '1SG17ME043', 7, 10, 6, 6, 10, 'MEC', '7A', 'Design-Lab'),
('1SGE08', '1SG17ME044', 10, 10, 10, 10, 9, 'MEC', '7A', 'Design-Lab'),
('1SGE08', '1SG17ME045', 9, 8, 6, 6, 10, 'MEC', '7A', 'Design-Lab'),
('1SGE08', '1SG17ME046', 9, 9, 6, 2, 9, 'MEC', '7A', 'Design-Lab'),
('1SGE08', '1SG17ME047', 10, 7, 7, 8, 8, 'MEC', '7A', 'Design-Lab'),
('1SGE08', '1SG17ME048', 10, 8, 10, 8, 10, 'MEC', '7A', 'Design-Lab'),
('1SGE08', '1SG17ME049', 10, 10, 10, 10, 9, 'MEC', '7A', 'Design-Lab'),
('1SGE08', '1SG17ME053', 9, 10, 10, 10, 7, 'MEC', '7B', 'Design-Lab'),
('1SGE08', '1SG17ME054', 5, 8, 6, 2, 2, 'MEC', '7B', 'Design-Lab'),
('1SGE08', '1SG17ME055', 9, 8, 9, 2, 9, 'MEC', '7B', 'Design-Lab'),
('1SGE08', '1SG17ME056', 8, 9, 8, 10, 9, 'MEC', '7B', 'Design-Lab'),
('1SGE08', '1SG17ME057', 9, 9, 9, 10, 9, 'MEC', '7B', 'Design-Lab'),
('1SGE08', '1SG17ME058', 9, 10, 9, 9, 9, 'MEC', '7B', 'Design-Lab'),
('1SGE08', '1SG17ME059', 9, 9, 10, 9, 9, 'MEC', '7B', 'Design-Lab'),
('1SGE08', '1SG17ME060', 7, 10, 6, 6, 10, 'MEC', '7B', 'Design-Lab'),
('1SGE08', '1SG17ME061', 10, 10, 10, 10, 9, 'MEC', '7B', 'Design-Lab'),
('1SGE08', '1SG17ME062', 4, 10, 4, 2, 8, 'MEC', '7B', 'Design-Lab'),
('1SGE12', '1SG17ME040', 9, 10, 10, 10, 10, 'MEC', '7A', 'PROJECT'),
('1SGE12', '1SG17ME041', 7, 8, 10, 10, 4, 'MEC', '7A', 'PROJECT'),
('1SGE12', '1SG17ME042', 6, 10, 10, 10, 10, 'MEC', '7A', 'PROJECT'),
('1SGE12', '1SG17ME043', 10, 10, 10, 10, 10, 'MEC', '7A', 'PROJECT'),
('1SGE12', '1SG17ME044', 2, 19, 9, 8, 6, 'MEC', '7A', 'PROJECT'),
('1SGE12', '1SG17ME045', 3, 6, 8, 7, 5, 'MEC', '7A', 'PROJECT'),
('1SGE12', '1SG17ME046', 6, 8, 10, 6, 8, 'MEC', '7A', 'PROJECT'),
('1SGE12', '1SG17ME047', 9, 3, 1, 5, 9, 'MEC', '7A', 'PROJECT'),
('1SGE12', '1SG17ME048', 10, 6, 5, 9, 10, 'MEC', '7A', 'PROJECT'),
('1SGE12', '1SG17ME049', 10, 5, 7, 9, 10, 'MEC', '7A', 'PROJECT'),
('1SGE12', '1SG17ME053', 3, 6, 8, 7, 5, 'MEC', '7B', 'PROJECT'),
('1SGE12', '1SG17ME054', 6, 8, 10, 6, 8, 'MEC', '7B', 'PROJECT'),
('1SGE12', '1SG17ME055', 9, 3, 1, 5, 9, 'MEC', '7B', 'PROJECT'),
('1SGE12', '1SG17ME056', 10, 6, 5, 9, 10, 'MEC', '7B', 'PROJECT'),
('1SGE12', '1SG17ME057', 10, 10, 10, 10, 10, 'MEC', '7B', 'PROJECT'),
('1SGE12', '1SG17ME058', 18, 10, 10, 10, 10, 'MEC', '7B', 'PROJECT'),
('1SGE12', '1SG17ME059', 10, 0, 0, 1, 1, 'MEC', '7B', 'PROJECT'),
('1SGE12', '1SG17ME060', 9, 10, 10, 10, 10, 'MEC', '7B', 'PROJECT'),
('1SGE12', '1SG17ME061', 7, 8, 10, 10, 4, 'MEC', '7B', 'PROJECT'),
('1SGE12', '1SG17ME062', 6, 10, 10, 10, 10, 'MEC', '7B', 'PROJECT'),
('1SGE10', '1SG17ME040', 0, 0, 8, 10, 10, 'MEC', '7A', 'CIM-LAB'),
('1SGE10', '1SG17ME041', 7, 8, 5, 10, 6, 'MEC', '7A', 'CIM-LAB'),
('1SGE10', '1SG17ME042', 1, 10, 10, 10, 10, 'MEC', '7A', 'CIM-LAB'),
('1SGE10', '1SG17ME043', 10, 10, 10, 10, 10, 'MEC', '7A', 'CIM-LAB'),
('1SGE10', '1SG17ME044', 2, 19, 9, 8, 6, 'MEC', '7A', 'CIM-LAB'),
('1SGE10', '1SG17ME045', 3, 5, 8, 7, 5, 'MEC', '7A', 'CIM-LAB'),
('1SGE10', '1SG17ME046', 6, 8, 1, 6, 8, 'MEC', '7A', 'CIM-LAB'),
('1SGE10', '1SG17ME047', 9, 3, 1, 5, 9, 'MEC', '7A', 'CIM-LAB'),
('1SGE10', '1SG17ME048', 10, 6, 5, 9, 10, 'MEC', '7A', 'CIM-LAB'),
('1SGE10', '1SG17ME049', 10, 5, 7, 9, 10, 'MEC', '7A', 'CIM-LAB'),
('1SGE10', '1SG17ME053', 3, 6, 8, 7, 6, 'MEC', '7B', 'CIM-LAB'),
('1SGE10', '1SG17ME054', 6, 8, 10, 6, 8, 'MEC', '7B', 'CIM-LAB'),
('1SGE10', '1SG17ME055', 0, 5, 1, 5, 9, 'MEC', '7B', 'CIM-LAB'),
('1SGE10', '1SG17ME056', 10, 6, 5, 2, 10, 'MEC', '7B', 'CIM-LAB'),
('1SGE10', '1SG17ME057', 10, 10, 10, 10, 7, 'MEC', '7B', 'CIM-LAB'),
('1SGE10', '1SG17ME058', 18, 10, 5, 10, 10, 'MEC', '7B', 'CIM-LAB'),
('1SGE10', '1SG17ME059', 10, 3, 0, 1, 1, 'MEC', '7B', 'CIM-LAB'),
('1SGE10', '1SG17ME060', 7, 10, 8, 10, 10, 'MEC', '7B', 'CIM-LAB'),
('1SGE10', '1SG17ME061', 7, 8, 3, 10, 4, 'MEC', '7B', 'CIM-LAB'),
('1SGE10', '1SG17ME062', 6, 10, 10, 10, 10, 'MEC', '7B', 'CIM-LAB');

-- --------------------------------------------------------

--
-- Table structure for table `student`
--

CREATE TABLE `student` (
  `fname` varchar(20) DEFAULT NULL,
  `lname` varchar(20) DEFAULT NULL,
  `usn` varchar(20) NOT NULL,
  `password` varchar(20) DEFAULT NULL,
  `admin` varchar(20) DEFAULT NULL,
  `semsec` varchar(20) DEFAULT NULL
) ENGINE=InnoDB DEFAULT CHARSET=latin1;

--
-- Dumping data for table `student`
--

INSERT INTO `student` (`fname`, `lname`, `usn`, `password`, `admin`, `semsec`) VALUES
('AASIM', 'INAMDAR', '1SG17CS001', '1', 'CSE', '7A'),
('ADNAN ', ' ANJUM ', '1SG17CS003', '3', 'CSE', '7A'),
('AFREEN', 'K', '1SG17CS004', '4', 'CSE', '7A'),
('AISHWARYA ', 'P', '1SG17CS005', '5', 'CSE', '7A'),
('AKASH ', 'KUMAR MAHAPATRA', '1SG17CS006', '6', 'CSE', '7A'),
('AKHILESH ', 'R MADHYASTHA', '1SG17CS007', '7', 'CSE', '7A'),
('AMAN ', 'PANDEY ', '1SG17CS008', '8', 'CSE', '7A'),
('AMAN ', 'VERMA', '1SG17CS009', '9', 'CSE', '7A'),
('AMIT ', 'N HEBBI', '1SG17CS010', '10', 'CSE', '7A'),
('ANANTHA ', 'KRISHNA', '1SG17CS011', '11', 'CSE', '7A'),
('ARJUN ', 'SINGH', '1SG17CS012', '12', 'CSE', '7A'),
('ARUN ', 'KUMAR S V', '1SG17CS013', '13', 'CSE', '7A'),
('AYAN ', 'BISWAS', '1SG17CS014', '14', 'CSE', '7A'),
('B ', 'PRASHANTH', '1SG17CS015', '15', 'CSE', '7A'),
('BHAGYASHREE ', 'B YARGAL', '1SG17CS016', '16', 'CSE', '7A'),
('BHARATH ', 'KUMAR R S', '1SG17CS017', '17', 'CSE', '7A'),
('BHARATHI ', 'J', '1SG17CS018', '18', 'CSE', '7A'),
('CHAITHANYA ', 'S', '1SG17CS019', '19', 'CSE', '7A'),
('CHANDAN ', 'PATIGE', '1SG17CS020', '20', 'CSE', '7A'),
('CHANDANA ', 'M', '1SG17CS021', '21', 'CSE', '7A'),
('DEEPA ', 'R M', '1SG17CS024', '24', 'CSE', '7A'),
('DHANASHREE', 'KULKARNI', '1SG17CS025', '25', 'CSE', '7A'),
('DILIP ', 'D M', '1SG17CS026', '26', 'CSE', '7A'),
('DIVYASHREE ', 'M S', '1SG17CS027', '27', 'CSE', '7A'),
('DYUTHISHREE', '', '1SG17CS028', '28', 'CSE', '7A'),
('FIRDOSE ', 'FATHIMA', '1SG17CS029', '29', 'CSE', '7A'),
('GANAVI ', 'R', '1SG17CS030', '30', 'CSE', '7A'),
('GANGA ', 'SAGAR H L', '1SG17CS031', '31', 'CSE', '7A'),
('GAURAV', 'KUMAR', '1SG17CS032', '32', 'CSE', '7A'),
('GAYATHRI ', ' S', '1SG17CS033', '33', 'CSE', '7A'),
('HARIPRIYA ', 'R K', '1SG17CS034', '34', 'CSE', '7A'),
('HARSHA ', 'H', '1SG17CS035', '35', 'CSE', '7A'),
('ISHA', 'BHAN', '1SG17CS036', '36', 'CSE', '7A'),
('JOVIN', 'DSOUZA', '1SG17CS037', '37', 'CSE', '7A'),
('K ', 'KAVITHA', '1SG17CS038', '38', 'CSE', '7A'),
('KARN ', 'KUMAR', '1SG17CS039', '39', 'CSE', '7A'),
('KAVYA', 'M HEGDE', '1SG17CS040', '40', 'CSE', '7A'),
('KAVYA ', ' S', '1SG17CS041', '41', 'CSE', '7A'),
('KHUSHBOO ', 'JAGWANI ', '1SG17CS042', '42', 'CSE', '7A'),
('KRUTHI', 'RAMESH ', '1SG17CS043', '43', 'CSE', '7A'),
('KUNAL ', 'P SANGURMATH', '1SG17CS044', '44', 'CSE', '7A'),
('LIKHITHA ', ' S R', '1SG17CS045', '45', 'CSE', '7A'),
('LOHITH ', 'B', '1SG17CS046', '46', 'CSE', '7A'),
('MAHIKA ', 'SINHA', '1SG17CS047', '47', 'CSE', '7A'),
('MANASA ', 'G', '1SG17CS048', '48', 'CSE', '7A'),
('MANAV ', ' PRADHAN', '1SG17CS049', '49', 'CSE', '7A'),
('MILIND ', 'MAHARANA', '1SG17CS051', '51', 'CSE', '7A'),
('NAINKAMALJEET ', 'SINGH', '1SG17CS052', '52', 'CSE', '7A'),
('NAKSHA ', 'MUTHAPPA M', '1SG17CS053', '53', 'CSE', '7A'),
('NIVEDITHA ', 'M P', '1SG17CS054', '54', 'CSE', '7B'),
('ONKARAMURTHY ', 'S K', '1SG17CS055', '55', 'CSE', '7B'),
('P ', 'AFREEN', '1SG17CS056', '56', 'CSE', '7B'),
('POOJA ', 'A S', '1SG17CS057', '57', 'CSE', '7B'),
('POOJA ', 'K R', '1SG17CS058', '58', 'CSE', '7B'),
('PRAJWAL ', 'SURESH', '1SG17CS059', '59', 'CSE', '7B'),
('PRAJWAL ', 'SHIVAKUMAR', '1SG17CS060', '60', 'CSE', '7B'),
('PRARTHANA ', 'NAIK', '1SG17CS061', '61', 'CSE', '7B'),
('RAHUL ', 'VERMA', '1SG17CS062', '62', 'CSE', '7B'),
('RAJ ', 'RANVEER', '1SG17CS063', '63', 'CSE', '7B'),
('RAJAT ', 'YADAV', '1SG17CS064', '64', 'CSE', '7B'),
('RASHI ', 'MAZUMDAR', '1SG17CS065', '65', 'CSE', '7B'),
('RISHIKESH ', 'SINGH', '1SG17CS066', '66', 'CSE', '7B'),
('RITIKA ', 'PANWAR', '1SG17CS067', '67', 'CSE', '7B'),
('HARSHITHA ', 'R K', '1SG17CS068', '68', 'CSE', '7A'),
('SACHIN', '', '1SG17CS069', '69', 'CSE', '7B'),
('SACHIN ', 'B R', '1SG17CS070', '70', 'CSE', '7B'),
('SAEED ', 'ANWAR', '1SG17CS071', '71', 'CSE', '7B'),
('SAHANA ', 'R YADAV', '1SG17CS072', '72', 'CSE', '7B'),
('SAHANA ', 'V', '1SG17CS073', '73', 'CSE', '7B'),
('SAKSHI ', '', '1SG17CS074', '74', 'CSE', '7B'),
('SALMAN ', 'KHAN ', '1SG17CS075', '75', 'CSE', '7B'),
('SARA ', 'KHATOON', '1SG17CS076', '76', 'CSE', '7B'),
('SHALINI ', 'T S', '1SG17CS077', '77', 'CSE', '7B'),
('SHARAN ', 'S', '1SG17CS078', '78', 'CSE', '7B'),
('SHASHIDHAR ', 'N N', '1SG17CS079', '79', 'CSE', '7B'),
('SHRUTI ', 'SINGH', '1SG17CS080', '80', 'CSE', '7B'),
('SHWETA ', 'SINGH', '1SG17CS082', '82', 'CSE', '7B'),
('SIDDHARTH ', 'SINGH', '1SG17CS083', '83', 'CSE', '7B'),
('SIDHANT ', 'KUMAR', '1SG17CS084', '84', 'CSE', '7B'),
('SOUNDARYA ', 'C', '1SG17CS086', '86', 'CSE', '7B'),
('SOWMYA ', 'R', '1SG17CS087', '87', 'CSE', '7B'),
('SPOORTHI IYENGAR', 'IYENGAR', '1SG17CS088', '88', 'CSE', '7B'),
('SPOORTHY ', 'I', '1SG17CS089', '89', 'CSE', '7B'),
('SREEPRIYA ', 'A', '1SG17CS090', '90', 'CSE', '7B'),
('SUDHAKAR', 'MISHRA', '1SG17CS091', '91', 'CSE', '7B'),
('SUKANYA ', 'C', '1SG17CS092', '92', 'CSE', '7B'),
('SWATHI', '', '1SG17CS094', '94', 'CSE', '7B'),
('UJJWAL ', 'KUMAR', '1SG17CS095', '95', 'CSE', '7B'),
('VAISHALI ', 'SONI ', '1SG17CS096', '96', 'CSE', '7B'),
('VAISHANAVI ', 'KASHYAP', '1SG17CS097', '97', 'CSE', '7B'),
('VARSHA ', 'C M', '1SG17CS098', '98', 'CSE', '7B'),
('VIKAS ', 'SHARMA', '1SG17CS099', '99', 'CSE', '7B'),
('VINAYAKA ', 'K M', '1SG17CS100', '100', 'CSE', '7B'),
('VIVEK ', 'MATHEW', '1SG17CS101', '101', 'CSE', '7B'),
('VRUSHANK ', 'DHEERENDRA RAO', '1SG17CS103', '103', 'CSE', '7B'),
('YASHASWINI ', 'C', '1SG17CS104', '104', 'CSE', '7B'),
('YASHASWI ', 'M', '1SG17CS105', '105', 'CSE', '7B'),
('DHRUVA ', 'K', '1SG17CS107', '107', 'CSE', '7B'),
('SAKSHI', '', '1SG17CS108', '108', 'CSE', '7B'),
('GAURI ', 'SHUKLA', '1SG17CS109', '109', 'CSE', '7A'),
('TEJASWINI', '', '1SG17CS110', '110', 'CSE', '7B'),
('POOJITHA ', 'U', '1SG17CS111', '111', 'CSE', '7B'),
('PALLAVI ', 'R', '1SG17CS112', '112', 'CSE', '7A'),
('AKARSH ', 'SINGH', '1SG17CS113', '113', 'CSE', '7B'),
('PRACHI', '', '1SG17CS114', '114', 'CSE', '7A'),
('PRIYA ', 'KUMARI', '1SG17CS115', '115', 'CSE', '7B'),
('C', 'MURALI GOPAL', '1SG17CS116', '116', 'CSE', '7A'),
('ABHISHEK ', 'KUMAR SHARMA', '1SG17CS117', '117', 'CSE', '7A'),
('MEGHANA ', 'N ', '1SG17CS118', '118', 'CSE', '7B'),
('RAMYA ', 'M', '1SG17CS119', '119', 'CSE', '7B'),
('SUKANYA ', 'N', '1SG17CS120', '120', 'CSE', '7A'),
('GUNARACHANA', 'A Y ', '1SG17ME001', '1', 'MEC', '7A'),
('AAKASH', 'WAZA', '1SG17ME002', '2', 'MEC', '7A'),
('ABDUL', 'HAROONKHAN', '1SG17ME003', '3', 'MEC', '7A'),
('ADARSH', 'B.G', '1SG17ME004', '4', 'MEC', '7A'),
('ADITYA', 'M', '1SG17ME005', '5', 'MEC', '7A'),
('ADITYA', 'SHARMA R', '1SG17ME006', '6', 'MEC', '7A'),
('ADITYA', 'SRIVASTAVA', '1SG17ME007', '7', 'MEC', '7A'),
('AKSHATHA', 'M', '1SG17ME009', '9', 'MEC', '7A'),
('AMANDEEP', 'SINGH', '1SG17ME010', '10', 'MEC', '7A'),
('ANKIT', 'RAJ', '1SG17ME011', '11', 'MEC', '7A'),
('ANUSHA ', 'D B', '1SG17ME012', '12', 'MEC', '7A'),
('APARNA ', 'SINGH', '1SG17ME013', '13', 'MEC', '7A'),
('APOORVA ', 'A ', '1SG17ME014', '14', 'MEC', '7A'),
('ARPITHA ', 'H K', '1SG17ME015', '15', 'MEC', '7A'),
('ARUNAKUMAR', '', '1SG17ME016', '16', 'MEC', '7A'),
('BHARGAV', 'TRIMAL KULKARNI', '1SG17ME017', '17', 'MEC', '7A'),
('BHOOMIKA', 'S', '1SG17ME018', '18', 'MEC', '7A'),
('BINDU', 'L', '1SG17ME020', '20', 'MEC', '7A'),
('DARSHAN', 'K S', '1SG17ME021', '21', 'MEC', '7A'),
('DEEPAK', 'B K', '1SG17ME023', '23', 'MEC', '7A'),
('DEEPAK', 'G', '1SG17ME024', '24', 'MEC', '7A'),
('DEEPAK', 'SHAH', '1SG17ME025', '25', 'MEC', '7A'),
('DEEPTHI', 'YADAV', '1SG17ME026', '26', 'MEC', '7A'),
('DEVASHISH', '', '1SG17ME027', '27', 'MEC', '7A'),
('DIVYANSHI ', 'KUSHWAHA', '1SG17ME028', '28', 'MEC', '7A'),
('FARAZ KHAN', 'KHAN', '1SG17ME029', '29', 'MEC', '7A'),
('FOUZIA', 'ANJUM', '1SG17ME030', '30', 'MEC', '7A'),
('GAURAV', 'GUPTA', '1SG17ME031', '31', 'MEC', '7A'),
('HARSH', 'KAVATEKAR', '1SG17ME032', '32', 'MEC', '7A'),
('HARSHIT', 'GUPTA', '1SG17ME033', '33', 'MEC', '7A'),
('HARSHITHA ', 'S', '1SG17ME034', '34', 'MEC', '7A'),
('HIMANI ', 'ADIGA', '1SG17ME035', '35', 'MEC', '7A'),
('JYOTHAPPAGARI', 'VYSHNAVI', '1SG17ME036', '36', 'MEC', '7A'),
('ANJALI', 'K U', '1SG17ME037', '37', 'MEC', '7A'),
('KOUSHIK ', 'V UPPULURI', '1SG17ME038', '38', 'MEC', '7A'),
('KUMARI ', 'MADHU', '1SG17ME039', '39', 'MEC', '7A'),
('LALIT', 'MUDGAL', '1SG17ME040', '40', 'MEC', '7A'),
('LIKITH ', 'S', '1SG17ME041', '41', 'MEC', '7A'),
('LAKSHMI ', 'NAVEEN REDDY', '1SG17ME042', '42', 'MEC', '7A'),
('MADHURI ', 'M K', '1SG17ME043', '43', 'MEC', '7A'),
('MALLIKARJUN ', 'V R', '1SG17ME044', '44', 'MEC', '7A'),
('MANDARA ', 'B', '1SG17ME045', '45', 'MEC', '7A'),
('MANGALA ', 'S', '1SG17ME046', '46', 'MEC', '7A'),
('MANISHA ', ' L', '1SG17ME047', '47', 'MEC', '7A'),
('MANJUNATH ', 'RAMA NAIK', '1SG17ME048', '48', 'MEC', '7A'),
('MANU ', 'K N', '1SG17ME049', '49', 'MEC', '7A'),
('MAYANK', '', '1SG17ME050', '50', 'MEC', '7A'),
('MEENA ', 'ALEKYA T', '1SG17ME051', '51', 'MEC', '7A'),
('MEGHA  ', 'P', '1SG17ME053', '53', 'MEC', '7A'),
('MEGHANA', 'G', '1SG17ME054', '54', 'MEC', '7A'),
('MOHIT ', ' KUMAR SHAW', '1SG17ME055', '55', 'MEC', '7A'),
('MOHIT ', 'VERMA', '1SG17ME056', '56', 'MEC', '7A'),
('MONIKA ', 'A', '1SG17ME057', '57', 'MEC', '7A'),
('MADHURAVANI', 'N', '1SG17ME059', '59', 'MEC', '7A'),
('NAMRATHA', '', '1SG17ME060', '60', 'MEC', '7A'),
('NIRANJAN S', '', '1SG17ME065', '65', 'MEC', '7B'),
('NISHANT ', 'RANA', '1SG17ME066', '66', 'MEC', '7B'),
('PALLAVI', ' R', '1SG17ME068', '68', 'MEC', '7B'),
('PANCHAMI ', 'A', '1SG17ME069', '69', 'MEC', '7B'),
('PARAMJEET ', 'SINGH', '1SG17ME070', '70', 'MEC', '7B'),
('PRANAV ', 'PARTH', '1SG17ME072', '72', 'MEC', '7B'),
('PRATIK ', 'N', '1SG17ME074', '74', 'MEC', '7B'),
('PREETHA ', 'S JOIS', '1SG17ME075', '75', 'MEC', '7B'),
('PREETHI ', 'U', '1SG17ME076', '76', 'MEC', '7B'),
('PREETHU ', 'T B', '1SG17ME077', '77', 'MEC', '7B'),
('PRERANA ', 'SHETTY', '1SG17ME078', '78', 'MEC', '7B'),
('PRIYANKA ', 'V', '1SG17ME079', '79', 'MEC', '7B'),
('PRIYANSHU ', 'KUMAR', '1SG17ME080', '80', 'MEC', '7B'),
('GOVARDHANA', '', '1SG17ME081', '81', 'MEC', '7B'),
('RAKESH ', 'S', '1SG17ME082', '82', 'MEC', '7B'),
('RASHMITHA ', 'V', '1SG17ME083', '83', 'MEC', '7B'),
('REVATHI', 'D', '1SG17ME084', '84', 'MEC', '7B'),
('RISHU ', 'RAJ', '1SG17ME085', '85', 'MEC', '7B'),
('RITIK ', 'SAINI', '1SG17ME086', '86', 'MEC', '7B'),
('ROHAN ', 'KUMAR', '1SG17ME087', '87', 'MEC', '7B'),
('ROHAN ', 'Y C', '1SG17ME088', '88', 'MEC', '7B'),
('ROHIT ', 'RAI', '1SG17ME089', '89', 'MEC', '7B'),
('ROOPA ', 'U', '1SG17ME090', '90', 'MEC', '7B'),
('ARPITHA ', 'V', '1SG18CS400', '400', 'CSE', '7A'),
('DARSHINI ', 'T G', '1SG18CS401', '401', 'CSE', '7B'),
('DHANALAKSHMI', '', '1SG18CS402', '402', 'CSE', '7A'),
('LAVANYA ', 'R', '1SG18CS403', '403', 'CSE', '7B'),
('RASHMITHA ', '', '1SG18CS404', '404', 'CSE', '7B');

--
-- Triggers `student`
--
DELIMITER $$
CREATE TRIGGER `logs` AFTER INSERT ON `student` FOR EACH ROW begin
insert into tfsi values(NEW.admin,NEW.semsec,NOW());
END
$$
DELIMITER ;

-- --------------------------------------------------------

--
-- Table structure for table `teaching`
--

CREATE TABLE `teaching` (
  `empid` varchar(20) DEFAULT NULL,
  `subject` varchar(50) DEFAULT NULL,
  `semsec` varchar(20) DEFAULT NULL,
  `admin` varchar(10) NOT NULL
) ENGINE=InnoDB DEFAULT CHARSET=latin1;

--
-- Dumping data for table `teaching`
--

INSERT INTO `teaching` (`empid`, `subject`, `semsec`, `admin`) VALUES
('1SGE01', 'SAN', '7A', 'CSE'),
('1SGE02', 'WT', '7A', 'CSE'),
('1SGE02', 'WT', '7B', 'CSE'),
('1SGE03', 'ACA', '7A', 'CSE'),
('1SGE03', 'ACA', '7B', 'CSE'),
('1SGE04', 'ML', '7A', 'CSE'),
('1SGE04', 'ML', '7B', 'CSE'),
('1SGE05', 'SAN', '7B', 'CSE'),
('1SGE06', 'USP', '7A', 'CSE'),
('1SGE06', 'USP', '7B', 'CSE'),
('1SGE07', 'PROJECT', '7A', 'CSE'),
('1SGE07', 'PROJECT', '7B', 'CSE'),
('1SGE04', 'ML-LAB', '7A', 'CSE'),
('1SGE04', 'ML-LAB', '7B', 'CSE'),
('1SGE05', 'ML-LAB', '7A', 'CSE'),
('1SGE05', 'ML-LAB', '7B', 'CSE'),
('1SGE02', 'WT-LAB', '7A', 'CSE'),
('1SGE02', 'WT-LAB', '7B', 'CSE'),
('1SGE08', 'Energy-Engineering', '7A', 'MEC'),
('1SGE08', 'Design-Lab', '7A', 'MEC'),
('1SGE08', 'Energy-Engineering', '7B', 'MEC'),
('1SGE08', 'Design-Lab', '7B', 'MEC'),
('1SGE09', 'Fluid-Power-Systems', '7A', 'MEC'),
('1SGE09', 'Fluid-Power-Systems', '7B', 'MEC'),
('1SGE10', 'Control-Engineering', '7A', 'MEC'),
('1SGE10', 'Control-Engineering', '7B', 'MEC'),
('1SGE10', 'CIM-Lab', '7A', 'MEC'),
('1SGE10', 'CIM-Lab', '7B', 'MEC'),
('1SGE11', 'Automotive-Electronics', '7A', 'MEC'),
('1SGE11', 'Automotive-Electronics', '7B', 'MEC'),
('1SGE12', 'PROJECT', '7A', 'MEC'),
('1SGE12', 'PROJECT', '7B', 'MEC');

-- --------------------------------------------------------

--
-- Table structure for table `tfsi`
--

CREATE TABLE `tfsi` (
  `admin` varchar(20) NOT NULL,
  `semsec` varchar(3) NOT NULL,
  `inserted-time` datetime NOT NULL
) ENGINE=InnoDB DEFAULT CHARSET=latin1;

--
-- Dumping data for table `tfsi`
--

INSERT INTO `tfsi` (`admin`, `semsec`, `inserted-time`) VALUES
('CSE', '7A', '2020-12-14 13:49:14'),
('CSE', '7A', '2020-12-14 14:15:01'),
('MEC', '7A', '2020-12-14 15:36:50'),
('MEC', '7B', '2020-12-14 15:37:26'),
('CSE', '7A', '2020-12-14 16:22:12'),
('CSE', '7A', '2020-12-14 16:22:33'),
('CSE', '7A', '2020-12-14 17:50:48'),
('CSE', '7A', '2020-12-14 17:50:49'),
('CSE', '7A', '2020-12-14 17:50:49'),
('CSE', '7A', '2020-12-14 17:50:49'),
('CSE', '7A', '2020-12-14 17:50:49'),
('CSE', '7A', '2020-12-14 17:50:49'),
('CSE', '7A', '2020-12-14 17:50:49'),
('CSE', '7A', '2020-12-14 17:50:49'),
('CSE', '7A', '2020-12-14 17:50:49'),
('CSE', '7A', '2020-12-14 17:50:49'),
('CSE', '7A', '2020-12-14 17:50:49'),
('CSE', '7A', '2020-12-14 17:50:50'),
('CSE', '7A', '2020-12-14 17:50:50'),
('CSE', '7A', '2020-12-14 17:50:50'),
('CSE', '7A', '2020-12-14 17:50:50'),
('CSE', '7A', '2020-12-14 17:50:50'),
('CSE', '7A', '2020-12-14 17:50:50'),
('CSE', '7A', '2020-12-14 17:50:50'),
('CSE', '7A', '2020-12-14 17:50:50'),
('CSE', '7A', '2020-12-14 17:50:50'),
('CSE', '7A', '2020-12-14 17:50:50'),
('CSE', '7A', '2020-12-14 17:50:50'),
('CSE', '7A', '2020-12-14 17:50:50'),
('CSE', '7A', '2020-12-14 17:50:51'),
('CSE', '7A', '2020-12-14 17:50:51'),
('CSE', '7A', '2020-12-14 17:50:51'),
('CSE', '7A', '2020-12-14 17:50:51'),
('CSE', '7A', '2020-12-14 17:50:51'),
('CSE', '7A', '2020-12-14 17:50:51'),
('CSE', '7A', '2020-12-14 17:50:51'),
('CSE', '7A', '2020-12-14 17:50:51'),
('CSE', '7A', '2020-12-14 17:50:51'),
('CSE', '7A', '2020-12-14 17:50:51'),
('CSE', '7A', '2020-12-14 17:50:51'),
('CSE', '7A', '2020-12-14 17:50:51'),
('CSE', '7A', '2020-12-14 17:50:52'),
('CSE', '7A', '2020-12-14 17:50:52'),
('CSE', '7A', '2020-12-14 17:50:52'),
('CSE', '7A', '2020-12-14 17:50:52'),
('CSE', '7A', '2020-12-14 17:50:52'),
('CSE', '7A', '2020-12-14 17:50:52'),
('CSE', '7A', '2020-12-14 17:50:52'),
('CSE', '7A', '2020-12-14 17:50:52'),
('CSE', '7A', '2020-12-14 17:50:52'),
('CSE', '7A', '2020-12-14 17:50:52'),
('CSE', '7A', '2020-12-14 17:50:52'),
('CSE', '7A', '2020-12-14 17:50:52'),
('CSE', '7A', '2020-12-14 17:50:53'),
('CSE', '7A', '2020-12-14 17:50:53'),
('CSE', '7A', '2020-12-14 17:50:53'),
('CSE', '7A', '2020-12-14 17:50:53'),
('CSE', '7A', '2020-12-14 17:50:53'),
('CSE', '7A', '2020-12-14 17:50:53'),
('CSE', '7A', '2020-12-14 17:50:53'),
('CSE', '7A', '2020-12-14 17:50:53'),
('CSE', '7A', '2020-12-14 17:50:53'),
('CSE', '7A', '2020-12-14 17:50:53'),
('CSE', '7A', '2020-12-14 17:50:53'),
('CSE', '7B', '2020-12-14 17:50:53'),
('CSE', '7B', '2020-12-14 17:50:54'),
('CSE', '7B', '2020-12-14 17:50:54'),
('CSE', '7B', '2020-12-14 17:50:54'),
('CSE', '7B', '2020-12-14 17:50:54'),
('CSE', '7B', '2020-12-14 17:50:54'),
('CSE', '7B', '2020-12-14 17:50:54'),
('CSE', '7B', '2020-12-14 17:50:54'),
('CSE', '7B', '2020-12-14 17:50:54'),
('CSE', '7B', '2020-12-14 17:50:54'),
('CSE', '7B', '2020-12-14 17:50:54'),
('CSE', '7B', '2020-12-14 17:50:54'),
('CSE', '7B', '2020-12-14 17:50:54'),
('CSE', '7B', '2020-12-14 17:50:54'),
('CSE', '7B', '2020-12-14 17:50:54'),
('CSE', '7B', '2020-12-14 17:50:54'),
('CSE', '7B', '2020-12-14 17:50:54'),
('CSE', '7B', '2020-12-14 17:50:54'),
('CSE', '7B', '2020-12-14 17:50:54'),
('CSE', '7B', '2020-12-14 17:50:55'),
('CSE', '7B', '2020-12-14 17:50:55'),
('CSE', '7B', '2020-12-14 17:50:55'),
('CSE', '7B', '2020-12-14 17:50:55'),
('CSE', '7B', '2020-12-14 17:50:55'),
('CSE', '7B', '2020-12-14 17:50:55'),
('CSE', '7B', '2020-12-14 17:50:55'),
('CSE', '7B', '2020-12-14 17:50:55'),
('CSE', '7B', '2020-12-14 17:50:55'),
('CSE', '7B', '2020-12-14 17:50:55'),
('CSE', '7B', '2020-12-14 17:50:55'),
('CSE', '7B', '2020-12-14 17:50:55'),
('CSE', '7B', '2020-12-14 17:50:55'),
('CSE', '7B', '2020-12-14 17:50:55'),
('CSE', '7B', '2020-12-14 17:50:55'),
('CSE', '7B', '2020-12-14 17:50:55'),
('CSE', '7B', '2020-12-14 17:50:55'),
('CSE', '7B', '2020-12-14 17:50:55'),
('CSE', '7B', '2020-12-14 17:50:55'),
('CSE', '7B', '2020-12-14 17:50:55'),
('CSE', '7B', '2020-12-14 17:50:55'),
('CSE', '7B', '2020-12-14 17:50:55'),
('CSE', '7B', '2020-12-14 17:50:56'),
('CSE', '7B', '2020-12-14 17:50:56'),
('CSE', '7B', '2020-12-14 17:50:56'),
('CSE', '7B', '2020-12-14 17:50:56'),
('CSE', '7B', '2020-12-14 17:50:56'),
('CSE', '7B', '2020-12-14 17:50:56'),
('CSE', '7B', '2020-12-14 17:50:56'),
('CSE', '7B', '2020-12-14 17:50:56'),
('CSE', '7B', '2020-12-14 17:50:56'),
('CSE', '7B', '2020-12-14 17:50:56'),
('CSE', '7B', '2020-12-14 17:50:56'),
('CSE', '7B', '2020-12-14 17:50:56'),
('CSE', '7B', '2020-12-14 17:50:56'),
('CSE', '7B', '2020-12-14 17:50:56'),
('CSE', '7B', '2020-12-14 17:50:56'),
('CSE', '7B', '2020-12-14 17:50:56'),
('CSE', '7B', '2020-12-14 17:50:56'),
('MEC', '7A', '2020-12-14 17:50:56'),
('MEC', '7A', '2020-12-14 17:50:56'),
('MEC', '7A', '2020-12-14 17:50:57'),
('MEC', '7A', '2020-12-14 17:50:57'),
('MEC', '7A', '2020-12-14 17:50:57'),
('MEC', '7A', '2020-12-14 17:50:57'),
('MEC', '7A', '2020-12-14 17:50:57'),
('MEC', '7A', '2020-12-14 17:50:57'),
('MEC', '7A', '2020-12-14 17:50:57'),
('MEC', '7A', '2020-12-14 17:50:57'),
('MEC', '7A', '2020-12-14 17:50:57'),
('MEC', '7A', '2020-12-14 17:50:57'),
('MEC', '7A', '2020-12-14 17:50:57'),
('MEC', '7A', '2020-12-14 17:50:57'),
('MEC', '7A', '2020-12-14 17:50:58'),
('MEC', '7A', '2020-12-14 17:50:58'),
('MEC', '7A', '2020-12-14 17:50:58'),
('MEC', '7A', '2020-12-14 17:50:58'),
('MEC', '7A', '2020-12-14 17:50:58'),
('MEC', '7A', '2020-12-14 17:50:58'),
('MEC', '7A', '2020-12-14 17:50:58'),
('MEC', '7A', '2020-12-14 17:50:58'),
('MEC', '7A', '2020-12-14 17:50:58'),
('MEC', '7A', '2020-12-14 17:50:58'),
('MEC', '7A', '2020-12-14 17:50:58'),
('MEC', '7A', '2020-12-14 17:50:58'),
('MEC', '7A', '2020-12-14 17:50:58'),
('MEC', '7A', '2020-12-14 17:50:59'),
('MEC', '7A', '2020-12-14 17:50:59'),
('MEC', '7A', '2020-12-14 17:50:59'),
('MEC', '7A', '2020-12-14 17:50:59'),
('MEC', '7A', '2020-12-14 17:50:59'),
('MEC', '7A', '2020-12-14 17:50:59'),
('MEC', '7A', '2020-12-14 17:50:59'),
('MEC', '7A', '2020-12-14 17:50:59'),
('MEC', '7A', '2020-12-14 17:50:59'),
('MEC', '7A', '2020-12-14 17:50:59'),
('MEC', '7A', '2020-12-14 17:50:59'),
('MEC', '7A', '2020-12-14 17:50:59'),
('MEC', '7A', '2020-12-14 17:50:59'),
('MEC', '7A', '2020-12-14 17:50:59'),
('MEC', '7A', '2020-12-14 17:50:59'),
('MEC', '7A', '2020-12-14 17:50:59'),
('MEC', '7A', '2020-12-14 17:50:59'),
('MEC', '7A', '2020-12-14 17:51:00'),
('MEC', '7A', '2020-12-14 17:51:00'),
('MEC', '7A', '2020-12-14 17:51:00'),
('MEC', '7A', '2020-12-14 17:51:00'),
('MEC', '7A', '2020-12-14 17:51:00'),
('MEC', '7A', '2020-12-14 17:51:00'),
('MEC', '7A', '2020-12-14 17:51:00'),
('MEC', '7A', '2020-12-14 17:51:00'),
('MEC', '7A', '2020-12-14 17:51:00'),
('MEC', '7A', '2020-12-14 17:51:00'),
('MEC', '7A', '2020-12-14 17:51:00'),
('MEC', '7B', '2020-12-14 17:51:00'),
('MEC', '7B', '2020-12-14 17:51:01'),
('MEC', '7B', '2020-12-14 17:51:01'),
('MEC', '7B', '2020-12-14 17:51:01'),
('MEC', '7B', '2020-12-14 17:51:01'),
('MEC', '7B', '2020-12-14 17:51:01'),
('MEC', '7B', '2020-12-14 17:51:01'),
('MEC', '7B', '2020-12-14 17:51:01'),
('MEC', '7B', '2020-12-14 17:51:01'),
('MEC', '7B', '2020-12-14 17:51:01'),
('MEC', '7B', '2020-12-14 17:51:01'),
('MEC', '7B', '2020-12-14 17:51:01'),
('MEC', '7B', '2020-12-14 17:51:01'),
('MEC', '7B', '2020-12-14 17:51:01'),
('MEC', '7B', '2020-12-14 17:51:01'),
('MEC', '7B', '2020-12-14 17:51:01'),
('MEC', '7B', '2020-12-14 17:51:01'),
('MEC', '7B', '2020-12-14 17:51:01'),
('MEC', '7B', '2020-12-14 17:51:01'),
('MEC', '7B', '2020-12-14 17:51:02'),
('MEC', '7B', '2020-12-14 17:51:02'),
('MEC', '7B', '2020-12-14 17:51:02'),
('MEC', '7B', '2020-12-14 17:51:02'),
('CSE', '7ab', '2020-12-14 18:18:50'),
('CSE', '9a', '2020-12-15 09:25:25'),
('CSE', '7A', '2020-12-15 10:19:46'),
('CSE', '7A', '2020-12-15 10:19:46'),
('CSE', '7A', '2020-12-15 10:19:46'),
('CSE', '7A', '2020-12-15 10:19:46'),
('CSE', '7A', '2020-12-15 10:19:46'),
('CSE', '7A', '2020-12-15 10:19:46'),
('CSE', '7A', '2020-12-15 10:19:46'),
('CSE', '7A', '2020-12-15 10:19:46'),
('CSE', '7A', '2020-12-15 10:19:46'),
('CSE', '7A', '2020-12-15 10:19:46'),
('CSE', '7A', '2020-12-15 10:19:46'),
('CSE', '7A', '2020-12-15 10:19:46'),
('CSE', '7A', '2020-12-15 10:19:46'),
('CSE', '7A', '2020-12-15 10:19:46'),
('CSE', '7A', '2020-12-15 10:19:46'),
('CSE', '7A', '2020-12-15 10:19:46'),
('CSE', '7A', '2020-12-15 10:19:46'),
('CSE', '7A', '2020-12-15 10:19:46'),
('CSE', '7A', '2020-12-15 10:19:46'),
('CSE', '7A', '2020-12-15 10:19:46'),
('CSE', '7A', '2020-12-15 10:19:46'),
('CSE', '7A', '2020-12-15 10:19:46'),
('CSE', '7A', '2020-12-15 10:19:46'),
('CSE', '7A', '2020-12-15 10:19:46'),
('CSE', '7A', '2020-12-15 10:19:46'),
('CSE', '7A', '2020-12-15 10:19:46'),
('CSE', '7A', '2020-12-15 10:19:46'),
('CSE', '7A', '2020-12-15 10:19:46'),
('CSE', '7A', '2020-12-15 10:19:46'),
('CSE', '7A', '2020-12-15 10:19:46'),
('CSE', '7A', '2020-12-15 10:19:46'),
('CSE', '7A', '2020-12-15 10:19:46'),
('CSE', '7A', '2020-12-15 10:19:46'),
('CSE', '7A', '2020-12-15 10:19:46'),
('CSE', '7A', '2020-12-15 10:19:46'),
('CSE', '7A', '2020-12-15 10:19:46'),
('CSE', '7A', '2020-12-15 10:19:46'),
('CSE', '7A', '2020-12-15 10:19:46'),
('CSE', '7A', '2020-12-15 10:19:46'),
('CSE', '7A', '2020-12-15 10:19:46'),
('CSE', '7A', '2020-12-15 10:19:46'),
('CSE', '7A', '2020-12-15 10:19:46'),
('CSE', '7A', '2020-12-15 10:19:46'),
('CSE', '7A', '2020-12-15 10:19:46'),
('CSE', '7A', '2020-12-15 10:19:46'),
('CSE', '7A', '2020-12-15 10:19:46'),
('CSE', '7A', '2020-12-15 10:19:46'),
('CSE', '7A', '2020-12-15 10:19:46'),
('CSE', '7A', '2020-12-15 10:19:46'),
('CSE', '7A', '2020-12-15 10:19:46'),
('CSE', '7A', '2020-12-15 10:19:46'),
('CSE', '7A', '2020-12-15 10:19:46'),
('CSE', '7A', '2020-12-15 10:19:46'),
('CSE', '7A', '2020-12-15 10:19:46'),
('CSE', '7A', '2020-12-15 10:19:46'),
('CSE', '7A', '2020-12-15 10:19:46'),
('CSE', '7A', '2020-12-15 10:19:46'),
('CSE', '7A', '2020-12-15 10:19:46'),
('CSE', '7B', '2020-12-15 10:19:46'),
('CSE', '7B', '2020-12-15 10:19:46'),
('CSE', '7B', '2020-12-15 10:19:46'),
('CSE', '7B', '2020-12-15 10:19:46'),
('CSE', '7B', '2020-12-15 10:19:46'),
('CSE', '7B', '2020-12-15 10:19:46'),
('CSE', '7B', '2020-12-15 10:19:46'),
('CSE', '7B', '2020-12-15 10:19:46'),
('CSE', '7B', '2020-12-15 10:19:46'),
('CSE', '7B', '2020-12-15 10:19:46'),
('CSE', '7B', '2020-12-15 10:19:46'),
('CSE', '7B', '2020-12-15 10:19:46'),
('CSE', '7B', '2020-12-15 10:19:46'),
('CSE', '7B', '2020-12-15 10:19:46'),
('CSE', '7B', '2020-12-15 10:19:46'),
('CSE', '7B', '2020-12-15 10:19:46'),
('CSE', '7B', '2020-12-15 10:19:46'),
('CSE', '7B', '2020-12-15 10:19:46'),
('CSE', '7B', '2020-12-15 10:19:46'),
('CSE', '7B', '2020-12-15 10:19:46'),
('CSE', '7B', '2020-12-15 10:19:46'),
('CSE', '7B', '2020-12-15 10:19:46'),
('CSE', '7B', '2020-12-15 10:19:46'),
('CSE', '7B', '2020-12-15 10:19:46'),
('CSE', '7B', '2020-12-15 10:19:46'),
('CSE', '7B', '2020-12-15 10:19:46'),
('CSE', '7B', '2020-12-15 10:19:46'),
('CSE', '7B', '2020-12-15 10:19:46'),
('CSE', '7B', '2020-12-15 10:19:46'),
('CSE', '7B', '2020-12-15 10:19:46'),
('CSE', '7B', '2020-12-15 10:19:46'),
('CSE', '7B', '2020-12-15 10:19:46'),
('CSE', '7B', '2020-12-15 10:19:46'),
('CSE', '7B', '2020-12-15 10:19:46'),
('CSE', '7B', '2020-12-15 10:19:46'),
('CSE', '7B', '2020-12-15 10:19:46'),
('CSE', '7B', '2020-12-15 10:19:46'),
('CSE', '7B', '2020-12-15 10:19:46'),
('CSE', '7B', '2020-12-15 10:19:46'),
('CSE', '7B', '2020-12-15 10:19:46'),
('CSE', '7B', '2020-12-15 10:19:46'),
('CSE', '7B', '2020-12-15 10:19:46'),
('CSE', '7B', '2020-12-15 10:19:46'),
('CSE', '7B', '2020-12-15 10:19:46'),
('CSE', '7B', '2020-12-15 10:19:46'),
('CSE', '7B', '2020-12-15 10:19:46'),
('CSE', '7B', '2020-12-15 10:19:46'),
('CSE', '7B', '2020-12-15 10:19:46'),
('CSE', '7B', '2020-12-15 10:19:46'),
('CSE', '7B', '2020-12-15 10:19:46'),
('CSE', '7B', '2020-12-15 10:19:46'),
('CSE', '7B', '2020-12-15 10:19:46'),
('CSE', '7B', '2020-12-15 10:19:46'),
('CSE', '7B', '2020-12-15 10:19:46'),
('CSE', '7B', '2020-12-15 10:19:46'),
('CSE', '7B', '2020-12-15 10:19:46'),
('CSE', '7B', '2020-12-15 10:19:46'),
('CSE', '7B', '2020-12-15 10:19:46'),
('MEC', '7A', '2020-12-15 10:19:46'),
('MEC', '7A', '2020-12-15 10:19:46'),
('MEC', '7A', '2020-12-15 10:19:46'),
('MEC', '7A', '2020-12-15 10:19:46'),
('MEC', '7A', '2020-12-15 10:19:46'),
('MEC', '7A', '2020-12-15 10:19:46'),
('MEC', '7A', '2020-12-15 10:19:46'),
('MEC', '7A', '2020-12-15 10:19:46'),
('MEC', '7A', '2020-12-15 10:19:46'),
('MEC', '7A', '2020-12-15 10:19:46'),
('MEC', '7A', '2020-12-15 10:19:46'),
('MEC', '7A', '2020-12-15 10:19:46'),
('MEC', '7A', '2020-12-15 10:19:46'),
('MEC', '7A', '2020-12-15 10:19:46'),
('MEC', '7A', '2020-12-15 10:19:46'),
('MEC', '7A', '2020-12-15 10:19:46'),
('MEC', '7A', '2020-12-15 10:19:46'),
('MEC', '7A', '2020-12-15 10:19:46'),
('MEC', '7A', '2020-12-15 10:19:46'),
('MEC', '7A', '2020-12-15 10:19:46'),
('MEC', '7A', '2020-12-15 10:19:46'),
('MEC', '7A', '2020-12-15 10:19:46'),
('MEC', '7A', '2020-12-15 10:19:46'),
('MEC', '7A', '2020-12-15 10:19:46'),
('MEC', '7A', '2020-12-15 10:19:46'),
('MEC', '7A', '2020-12-15 10:19:46'),
('MEC', '7A', '2020-12-15 10:19:46'),
('MEC', '7A', '2020-12-15 10:19:46'),
('MEC', '7A', '2020-12-15 10:19:46'),
('MEC', '7A', '2020-12-15 10:19:46'),
('MEC', '7A', '2020-12-15 10:19:46'),
('MEC', '7A', '2020-12-15 10:19:46'),
('MEC', '7A', '2020-12-15 10:19:46'),
('MEC', '7A', '2020-12-15 10:19:46'),
('MEC', '7A', '2020-12-15 10:19:46'),
('MEC', '7A', '2020-12-15 10:19:46'),
('MEC', '7A', '2020-12-15 10:19:46'),
('MEC', '7A', '2020-12-15 10:19:46'),
('MEC', '7A', '2020-12-15 10:19:46'),
('MEC', '7A', '2020-12-15 10:19:46'),
('MEC', '7A', '2020-12-15 10:19:46'),
('MEC', '7A', '2020-12-15 10:19:46'),
('MEC', '7A', '2020-12-15 10:19:46'),
('MEC', '7A', '2020-12-15 10:19:46'),
('MEC', '7A', '2020-12-15 10:19:46'),
('MEC', '7A', '2020-12-15 10:19:46'),
('MEC', '7A', '2020-12-15 10:19:46'),
('MEC', '7A', '2020-12-15 10:19:46'),
('MEC', '7A', '2020-12-15 10:19:46'),
('MEC', '7A', '2020-12-15 10:19:46'),
('MEC', '7A', '2020-12-15 10:19:46'),
('MEC', '7A', '2020-12-15 10:19:46'),
('MEC', '7A', '2020-12-15 10:19:46'),
('MEC', '7A', '2020-12-15 10:19:47'),
('MEC', '7A', '2020-12-15 10:19:47'),
('MEC', '7B', '2020-12-15 10:19:47'),
('MEC', '7B', '2020-12-15 10:19:47'),
('MEC', '7B', '2020-12-15 10:19:47'),
('MEC', '7B', '2020-12-15 10:19:47'),
('MEC', '7B', '2020-12-15 10:19:47'),
('MEC', '7B', '2020-12-15 10:19:47'),
('MEC', '7B', '2020-12-15 10:19:47'),
('MEC', '7B', '2020-12-15 10:19:47'),
('MEC', '7B', '2020-12-15 10:19:47'),
('MEC', '7B', '2020-12-15 10:19:47'),
('MEC', '7B', '2020-12-15 10:19:47'),
('MEC', '7B', '2020-12-15 10:19:47'),
('MEC', '7B', '2020-12-15 10:19:47'),
('MEC', '7B', '2020-12-15 10:19:47'),
('MEC', '7B', '2020-12-15 10:19:47'),
('MEC', '7B', '2020-12-15 10:19:47'),
('MEC', '7B', '2020-12-15 10:19:47'),
('MEC', '7B', '2020-12-15 10:19:47'),
('MEC', '7B', '2020-12-15 10:19:47'),
('MEC', '7B', '2020-12-15 10:19:47'),
('MEC', '7B', '2020-12-15 10:19:47'),
('MEC', '7B', '2020-12-15 10:19:47'),
('MEC', '7B', '2020-12-15 10:19:47'),
('CSE', '9A', '2021-01-24 14:29:30');

--
-- Indexes for dumped tables
--

--
-- Indexes for table `admin`
--
ALTER TABLE `admin`
  ADD PRIMARY KEY (`user`);

--
-- Indexes for table `employee`
--
ALTER TABLE `employee`
  ADD PRIMARY KEY (`empid`),
  ADD KEY `admin` (`admin`);

--
-- Indexes for table `question`
--
ALTER TABLE `question`
  ADD KEY `admin` (`admin`);

--
-- Indexes for table `rating`
--
ALTER TABLE `rating`
  ADD KEY `admin` (`admin`),
  ADD KEY `empid` (`empid`),
  ADD KEY `usn` (`usn`);

--
-- Indexes for table `student`
--
ALTER TABLE `student`
  ADD PRIMARY KEY (`usn`),
  ADD KEY `admin` (`admin`);

--
-- Indexes for table `teaching`
--
ALTER TABLE `teaching`
  ADD KEY `empid` (`empid`);

--
-- Constraints for dumped tables
--

--
-- Constraints for table `employee`
--
ALTER TABLE `employee`
  ADD CONSTRAINT `employee_ibfk_1` FOREIGN KEY (`admin`) REFERENCES `admin` (`user`),
  ADD CONSTRAINT `employee_ibfk_2` FOREIGN KEY (`admin`) REFERENCES `admin` (`user`);

--
-- Constraints for table `question`
--
ALTER TABLE `question`
  ADD CONSTRAINT `question_ibfk_1` FOREIGN KEY (`admin`) REFERENCES `admin` (`user`),
  ADD CONSTRAINT `question_ibfk_2` FOREIGN KEY (`admin`) REFERENCES `admin` (`user`);
COMMIT;

/*!40101 SET CHARACTER_SET_CLIENT=@OLD_CHARACTER_SET_CLIENT */;
/*!40101 SET CHARACTER_SET_RESULTS=@OLD_CHARACTER_SET_RESULTS */;
/*!40101 SET COLLATION_CONNECTION=@OLD_COLLATION_CONNECTION */;
